{"stats":{"minecraft:used":{"minecraft:wooden_axe":20,"minecraft:diamond_pickaxe":151,"minecraft:iron_axe":3,"minecraft:bread":1,"minecraft:stone_pickaxe":37,"minecraft:iron_pickaxe":82,"tombstone:magic_scroll":1,"minecraft:wooden_pickaxe":3,"minecraft:iron_sword":4,"minecraft:rotten_flesh":12,"minecraft:torch":11,"minecraft:cobblestone":1,"minecraft:dirt":1,"minecraft:furnace":2,"minecraft:crafting_table":3,"minecraft:oak_sapling":2,"tombstone:gift":2,"minecraft:cobbled_deepslate":56},"minecraft:killed":{"minecraft:skeleton":2,"minecraft:zombie":5},"minecraft:picked_up":{"minecraft:crafting_table":3,"minecraft:stick":50,"minecraft:raw_iron":13,"minecraft:leather":2,"minecraft:torch":1,"minecraft:oak_log":5,"minecraft:gunpowder":2,"minecraft:redstone":55,"minecraft:dirt":1,"minecraft:dark_oak_planks":3,"minecraft:arrow":1,"minecraft:rotten_flesh":12,"minecraft:diamond":56,"minecraft:cobbled_deepslate":196,"minecraft:raw_gold":5,"tombstone:magic_scroll":1,"minecraft:oak_sapling":2,"minecraft:coal":2,"minecraft:cobblestone":1,"minecraft:furnace":2},"minecraft:custom":{"minecraft:time_since_rest":22178,"minecraft:interact_with_furnace":10,"minecraft:sprint_one_cm":82935,"minecraft:damage_taken":830,"minecraft:walk_one_cm":43716,"minecraft:mob_kills":7,"minecraft:damage_dealt":1588,"minecraft:swim_one_cm":8784,"minecraft:interact_with_crafting_table":12,"minecraft:fly_one_cm":163276,"minecraft:open_chest":2,"minecraft:crouch_one_cm":2212,"minecraft:play_time":33698,"tombstone:undead_killed":7,"minecraft:deaths":1,"minecraft:sneak_time":777,"minecraft:walk_under_water_one_cm":2005,"minecraft:jump":955,"minecraft:leave_game":2,"minecraft:time_since_death":23872,"minecraft:walk_on_water_one_cm":9367,"minecraft:total_world_time":33698,"minecraft:fall_one_cm":31010},"minecraft:mined":{"minecraft:dark_oak_planks":3,"minecraft:deepslate_redstone_ore":12,"minecraft:furnace":2,"minecraft:deepslate_diamond_ore":56,"minecraft:crafting_table":3,"minecraft:grass_block":1,"minecraft:oak_log":5,"minecraft:deepslate_iron_ore":13,"minecraft:dead_bush":43,"minecraft:cobblestone":1,"minecraft:deepslate_gold_ore":5,"minecraft:deepslate":184},"minecraft:crafted":{"minecraft:oak_planks":20,"minecraft:diamond_sword":1,"minecraft:diamond_helmet":1,"minecraft:diamond_leggings":1,"minecraft:diamond_pickaxe":1,"minecraft:diamond_axe":1,"minecraft:iron_axe":1,"minecraft:crafting_table":1,"minecraft:iron_ingot":13,"minecraft:iron_pickaxe":1,"minecraft:stone_pickaxe":1,"minecraft:iron_sword":1,"minecraft:diamond_boots":1,"minecraft:furnace":1,"minecraft:air":0,"minecraft:diamond_chestplate":1},"minecraft:broken":{"minecraft:wooden_axe":1}},"DataVersion":3465}