{"stats":{"minecraft:used":{"minecraft:stone_axe":2,"minecraft:cobblestone":2,"minecraft:crafting_table":1,"minecraft:furnace":1,"minecraft:oak_sapling":2,"minecraft:stone_pickaxe":13,"minecraft:wooden_pickaxe":6},"minecraft:picked_up":{"minecraft:raw_iron":3,"minecraft:stick":26,"minecraft:wooden_pickaxe":2,"minecraft:oak_log":5,"minecraft:oak_sapling":2,"minecraft:cobblestone":18},"minecraft:custom":{"minecraft:interact_with_furnace":3,"minecraft:time_since_rest":11679,"minecraft:crouch_one_cm":1294,"minecraft:play_time":11679,"minecraft:sprint_one_cm":28026,"minecraft:damage_taken":20,"minecraft:walk_one_cm":12127,"minecraft:sneak_time":400,"minecraft:drop":3,"minecraft:jump":166,"minecraft:leave_game":1,"minecraft:time_since_death":11679,"minecraft:total_world_time":11679,"minecraft:interact_with_crafting_table":5,"minecraft:fall_one_cm":5296,"minecraft:fly_one_cm":33551},"minecraft:mined":{"minecraft:grass":11,"minecraft:oak_log":5,"minecraft:dead_bush":31,"minecraft:iron_ore":3,"minecraft:stone":16},"minecraft:dropped":{"minecraft:cobblestone":2,"minecraft:wooden_pickaxe":2},"minecraft:crafted":{"minecraft:furnace":1,"minecraft:oak_planks":20,"minecraft:stone_axe":1,"minecraft:crafting_table":1,"minecraft:iron_ingot":3,"minecraft:wooden_pickaxe":1,"minecraft:stone_pickaxe":1}},"DataVersion":3465}