{"stats":{"minecraft:used":{"minecraft:iron_axe":6,"minecraft:stone_pickaxe":80,"minecraft:wooden_pickaxe":7,"minecraft:stone_axe":2,"minecraft:cobblestone":2,"minecraft:crafting_table":1,"minecraft:oak_sapling":2,"minecraft:furnace":1},"minecraft:picked_up":{"minecraft:stick":26,"minecraft:raw_iron":4,"minecraft:wooden_pickaxe":2,"minecraft:oak_log":5,"minecraft:oak_sapling":2,"minecraft:coal":10,"minecraft:cobblestone":75},"minecraft:custom":{"minecraft:time_since_rest":17797,"minecraft:interact_with_furnace":5,"minecraft:sprint_one_cm":32159,"minecraft:damage_taken":90,"minecraft:walk_one_cm":32077,"minecraft:drop":6,"minecraft:damage_dealt":68,"minecraft:interact_with_crafting_table":6,"minecraft:fly_one_cm":35055,"minecraft:crouch_one_cm":1294,"minecraft:play_time":17797,"minecraft:sneak_time":465,"minecraft:walk_under_water_one_cm":4649,"minecraft:jump":230,"minecraft:leave_game":2,"minecraft:time_since_death":17797,"minecraft:walk_on_water_one_cm":944,"minecraft:total_world_time":17797,"minecraft:fall_one_cm":6821},"minecraft:dropped":{"minecraft:raw_iron":1,"minecraft:cobblestone":59,"minecraft:wooden_pickaxe":2,"minecraft:coal":10},"minecraft:mined":{"minecraft:iron_ore":4,"minecraft:grass":17,"minecraft:coal_ore":10,"minecraft:oak_log":5,"minecraft:dead_bush":31,"minecraft:stone":73},"minecraft:crafted":{"minecraft:oak_planks":20,"minecraft:iron_axe":1,"minecraft:crafting_table":1,"minecraft:wooden_pickaxe":1,"minecraft:iron_ingot":4,"minecraft:stone_pickaxe":1,"minecraft:furnace":1,"minecraft:stone_axe":1}},"DataVersion":3465}