{"stats":{"minecraft:killed":{"minecraft:zombie":1,"minecraft:salmon":13,"minecraft:drowned":3,"minecraft:creeper":1,"minecraft:squid":1},"minecraft:used":{"minecraft:water_bucket":3,"minecraft:apple":1,"minecraft:red_sand":14,"minecraft:stone_pickaxe":20,"minecraft:oak_planks":6,"minecraft:iron_pickaxe":81,"minecraft:shield":1,"minecraft:wooden_pickaxe":7,"minecraft:cooked_salmon":4,"minecraft:stone_axe":36,"minecraft:cobblestone":1,"minecraft:crafting_table":6,"minecraft:furnace":3,"minecraft:oak_sapling":10,"minecraft:bucket":4,"minecraft:dripstone_block":1,"minecraft:smoker":1,"minecraft:pointed_dripstone":2},"minecraft:picked_up":{"minecraft:crafting_table":6,"minecraft:stick":101,"minecraft:raw_iron":6,"minecraft:salmon":13,"minecraft:smoker":1,"minecraft:dripstone_block":1,"minecraft:oak_log":22,"minecraft:pointed_dripstone":2,"minecraft:ink_sac":3,"minecraft:rotten_flesh":2,"minecraft:apple":1,"minecraft:red_sand":14,"minecraft:raw_gold":29,"minecraft:bone_meal":1,"minecraft:oak_sapling":10,"minecraft:sugar_cane":6,"minecraft:coal":27,"minecraft:cobblestone":45,"minecraft:furnace":3},"minecraft:custom":{"minecraft:time_since_rest":30455,"minecraft:interact_with_furnace":11,"minecraft:sprint_one_cm":75945,"minecraft:damage_taken":175,"minecraft:walk_one_cm":72462,"minecraft:damage_blocked_by_shield":35,"minecraft:mob_kills":19,"minecraft:damage_dealt":1346,"minecraft:swim_one_cm":58731,"minecraft:interact_with_crafting_table":14,"minecraft:fly_one_cm":75898,"minecraft:crouch_one_cm":895,"minecraft:play_time":30455,"tombstone:undead_killed":4,"minecraft:walk_under_water_one_cm":21870,"minecraft:sneak_time":500,"minecraft:jump":624,"minecraft:leave_game":3,"minecraft:time_since_death":30455,"minecraft:walk_on_water_one_cm":12153,"minecraft:total_world_time":30455,"minecraft:interact_with_smoker":5,"minecraft:fall_one_cm":17798},"minecraft:mined":{"minecraft:furnace":3,"minecraft:iron_ore":6,"minecraft:smoker":1,"minecraft:crafting_table":6,"minecraft:grass":1,"minecraft:red_sand":14,"minecraft:oak_log":22,"minecraft:coal_ore":22,"minecraft:dead_bush":128,"minecraft:dripstone_block":1,"minecraft:stone":42,"minecraft:sugar_cane":2,"minecraft:gold_ore":29},"minecraft:crafted":{"minecraft:oak_planks":28,"minecraft:shield":1,"minecraft:crafting_table":1,"minecraft:iron_ingot":6,"minecraft:wooden_pickaxe":1,"minecraft:iron_pickaxe":1,"minecraft:stone_pickaxe":1,"minecraft:furnace":2,"minecraft:cooked_salmon":13,"minecraft:bucket":1,"minecraft:stone_axe":1,"minecraft:air":0,"minecraft:smoker":1}},"DataVersion":3465}