{"stats":{"minecraft:killed":{"minecraft:salmon":9,"minecraft:drowned":3,"minecraft:squid":1},"minecraft:used":{"minecraft:red_sand":14,"minecraft:apple":1,"minecraft:stone_pickaxe":13,"minecraft:oak_planks":6,"minecraft:wooden_pickaxe":7,"minecraft:cooked_salmon":2,"minecraft:stone_axe":25,"minecraft:crafting_table":3,"minecraft:furnace":2,"minecraft:oak_sapling":10},"minecraft:picked_up":{"minecraft:stick":101,"minecraft:crafting_table":3,"minecraft:salmon":9,"minecraft:oak_log":22,"minecraft:ink_sac":3,"minecraft:rotten_flesh":2,"minecraft:apple":1,"minecraft:red_sand":14,"minecraft:bone_meal":1,"minecraft:oak_sapling":10,"minecraft:sugar_cane":6,"minecraft:cobblestone":14,"minecraft:furnace":2},"minecraft:custom":{"minecraft:time_since_rest":18337,"minecraft:interact_with_furnace":4,"minecraft:sprint_one_cm":43323,"minecraft:damage_taken":120,"minecraft:walk_one_cm":49495,"minecraft:mob_kills":13,"minecraft:damage_dealt":1005,"minecraft:interact_with_crafting_table":5,"minecraft:swim_one_cm":49741,"minecraft:fly_one_cm":45642,"minecraft:crouch_one_cm":386,"minecraft:play_time":18337,"tombstone:undead_killed":3,"minecraft:sneak_time":231,"minecraft:walk_under_water_one_cm":15454,"minecraft:jump":437,"minecraft:leave_game":1,"minecraft:walk_on_water_one_cm":6702,"minecraft:time_since_death":18337,"minecraft:total_world_time":18337,"minecraft:fall_one_cm":12391},"minecraft:mined":{"minecraft:furnace":2,"minecraft:crafting_table":3,"minecraft:grass":1,"minecraft:red_sand":14,"minecraft:oak_log":22,"minecraft:dead_bush":128,"minecraft:stone":14,"minecraft:sugar_cane":2},"minecraft:crafted":{"minecraft:oak_planks":28,"minecraft:shield":1,"minecraft:crafting_table":1,"minecraft:wooden_pickaxe":1,"minecraft:iron_pickaxe":1,"minecraft:stone_pickaxe":1,"minecraft:furnace":1,"minecraft:cooked_salmon":4,"minecraft:stone_axe":1,"minecraft:air":0}},"DataVersion":3465}