{"stats":{"minecraft:killed":{"minecraft:zombie":1,"minecraft:salmon":13,"minecraft:drowned":3,"minecraft:creeper":1,"minecraft:squid":1},"minecraft:used":{"minecraft:apple":1,"minecraft:red_sand":14,"minecraft:stone_pickaxe":20,"minecraft:iron_pickaxe":52,"minecraft:oak_planks":6,"minecraft:wooden_pickaxe":7,"minecraft:cooked_salmon":3,"minecraft:stone_axe":34,"minecraft:crafting_table":4,"minecraft:furnace":2,"minecraft:oak_sapling":10,"minecraft:smoker":1},"minecraft:picked_up":{"minecraft:raw_iron":1,"minecraft:stick":101,"minecraft:crafting_table":4,"minecraft:salmon":13,"minecraft:smoker":1,"minecraft:oak_log":22,"minecraft:ink_sac":3,"minecraft:rotten_flesh":2,"minecraft:apple":1,"minecraft:red_sand":14,"minecraft:raw_gold":25,"minecraft:bone_meal":1,"minecraft:oak_sapling":10,"minecraft:sugar_cane":6,"minecraft:coal":23,"minecraft:cobblestone":28,"minecraft:furnace":2},"minecraft:custom":{"minecraft:time_since_rest":24374,"minecraft:interact_with_furnace":4,"minecraft:sprint_one_cm":55919,"minecraft:damage_taken":145,"minecraft:walk_one_cm":61538,"minecraft:mob_kills":19,"minecraft:damage_dealt":1346,"minecraft:swim_one_cm":58731,"minecraft:interact_with_crafting_table":10,"minecraft:fly_one_cm":59795,"minecraft:crouch_one_cm":485,"minecraft:play_time":24374,"tombstone:undead_killed":4,"minecraft:sneak_time":386,"minecraft:walk_under_water_one_cm":20043,"minecraft:jump":520,"minecraft:leave_game":2,"minecraft:time_since_death":24374,"minecraft:walk_on_water_one_cm":9267,"minecraft:interact_with_smoker":5,"minecraft:total_world_time":24374,"minecraft:fall_one_cm":14481},"minecraft:mined":{"minecraft:furnace":2,"minecraft:iron_ore":1,"minecraft:smoker":1,"minecraft:crafting_table":4,"minecraft:grass":1,"minecraft:red_sand":14,"minecraft:coal_ore":18,"minecraft:oak_log":22,"minecraft:dead_bush":128,"minecraft:gold_ore":25,"minecraft:stone":28,"minecraft:sugar_cane":2},"minecraft:crafted":{"minecraft:oak_planks":28,"minecraft:shield":1,"minecraft:crafting_table":1,"minecraft:wooden_pickaxe":1,"minecraft:iron_pickaxe":1,"minecraft:stone_pickaxe":1,"minecraft:furnace":1,"minecraft:cooked_salmon":13,"minecraft:stone_axe":1,"minecraft:air":0,"minecraft:smoker":1}},"DataVersion":3465}