{"stats":{"minecraft:killed":{"minecraft:cave_spider":1,"minecraft:pig":4,"minecraft:skeleton":3,"minecraft:zombie":7,"minecraft:cow":2},"minecraft:used":{"minecraft:water_bucket":2,"minecraft:diorite":12,"minecraft:red_sand":1,"minecraft:stone_pickaxe":93,"minecraft:wooden_pickaxe":11,"minecraft:torch":27,"minecraft:dirt":5,"minecraft:crafting_table":5,"minecraft:wooden_axe":10,"minecraft:diamond_pickaxe":241,"minecraft:iron_axe":26,"minecraft:iron_pickaxe":430,"minecraft:stone_axe":6,"minecraft:diamond_sword":6,"minecraft:cobblestone":37,"minecraft:furnace":3,"minecraft:cooked_porkchop":7,"minecraft:bucket":3,"minecraft:andesite":33,"tombstone:gift":4,"minecraft:cooked_beef":1,"minecraft:cobbled_deepslate":14},"minecraft:picked_up":{"minecraft:crafting_table":3,"minecraft:iron_chestplate":1,"minecraft:cooked_beef":1,"minecraft:andesite":35,"minecraft:leather":2,"minecraft:tuff":5,"minecraft:lapis_lazuli":21,"minecraft:dirt":5,"minecraft:string":2,"minecraft:bone":3,"minecraft:red_sand":1,"minecraft:cobbled_deepslate":178,"minecraft:beef":3,"minecraft:acacia_sapling":6,"minecraft:furnace":3,"minecraft:stick":22,"minecraft:raw_iron":71,"minecraft:torch":16,"minecraft:acacia_log":13,"minecraft:gravel":1,"minecraft:porkchop":7,"tombstone:grave_dust":1,"minecraft:diorite":20,"minecraft:arrow":3,"minecraft:rotten_flesh":3,"minecraft:diamond":51,"minecraft:granite":6,"minecraft:coal":60,"minecraft:cobblestone":175},"minecraft:custom":{"minecraft:interact_with_furnace":31,"minecraft:mob_kills":17,"minecraft:interact_with_crafting_table":22,"minecraft:leave_game":3,"minecraft:time_since_death":38730,"minecraft:time_since_rest":38206,"minecraft:sprint_one_cm":108783,"minecraft:damage_taken":1570,"minecraft:walk_one_cm":110556,"tombstone:sneak_grave":1,"minecraft:drop":13,"minecraft:damage_dealt":2583,"minecraft:swim_one_cm":15306,"minecraft:fly_one_cm":105886,"minecraft:open_chest":14,"minecraft:crouch_one_cm":5879,"minecraft:play_time":74955,"tombstone:undead_killed":10,"minecraft:deaths":4,"minecraft:sneak_time":3214,"minecraft:walk_under_water_one_cm":7929,"minecraft:jump":818,"minecraft:walk_on_water_one_cm":6829,"minecraft:total_world_time":74955,"minecraft:fall_one_cm":19445},"minecraft:dropped":{"minecraft:cooked_beef":1,"minecraft:cobbled_deepslate":2,"minecraft:iron_helmet":1,"minecraft:rotten_flesh":3,"minecraft:iron_boots":1,"minecraft:leather":2,"minecraft:stick":3,"minecraft:iron_chestplate":1,"minecraft:iron_leggings":1},"minecraft:mined":{"minecraft:deepslate_redstone_ore":1,"minecraft:tuff":52,"minecraft:deepslate_diamond_ore":51,"minecraft:crafting_table":3,"minecraft:torch":4,"minecraft:granite":6,"minecraft:budding_amethyst":1,"minecraft:red_sand":1,"minecraft:acacia_log":14,"minecraft:grass_block":2,"minecraft:dead_bush":23,"minecraft:cobblestone":7,"minecraft:diorite":20,"minecraft:amethyst_block":4,"minecraft:wall_torch":12,"minecraft:furnace":3,"minecraft:iron_ore":59,"minecraft:cobbled_deepslate":3,"minecraft:andesite":35,"minecraft:deepslate_lapis_ore":4,"minecraft:grass":5,"minecraft:coal_ore":60,"minecraft:deepslate_iron_ore":12,"minecraft:gravel":1,"minecraft:dirt":3,"minecraft:stone":168,"minecraft:deepslate":273},"minecraft:crafted":{"minecraft:cooked_beef":3,"minecraft:diamond_sword":1,"minecraft:cooked_porkchop":7,"minecraft:crafting_table":3,"minecraft:wooden_pickaxe":1,"minecraft:iron_helmet":1,"minecraft:furnace":1,"minecraft:stone_axe":1,"minecraft:air":0,"minecraft:diamond_leggings":1,"minecraft:diamond_helmet":1,"minecraft:iron_boots":1,"minecraft:iron_chestplate":1,"minecraft:diamond_pickaxe":1,"minecraft:iron_axe":1,"minecraft:stick":8,"minecraft:iron_ingot":71,"minecraft:iron_pickaxe":2,"minecraft:stone_pickaxe":1,"minecraft:wooden_axe":1,"minecraft:diamond_boots":1,"minecraft:iron_leggings":1,"minecraft:acacia_planks":52,"minecraft:torch":20,"minecraft:diamond_chestplate":1},"minecraft:killed_by":{"minecraft:player":2},"minecraft:broken":{"minecraft:iron_pickaxe":1}},"DataVersion":3465}