{"stats":{"minecraft:killed":{"minecraft:cave_spider":1,"minecraft:pig":4,"minecraft:spider":1,"minecraft:skeleton":4,"minecraft:zombie":13,"minecraft:cow":2},"minecraft:used":{"minecraft:water_bucket":2,"minecraft:diorite":12,"minecraft:red_sand":1,"minecraft:stone_pickaxe":93,"minecraft:wooden_pickaxe":11,"minecraft:glow_berries":1,"minecraft:torch":28,"minecraft:dirt":5,"minecraft:crafting_table":6,"minecraft:wooden_axe":10,"minecraft:diamond_pickaxe":291,"minecraft:iron_axe":27,"minecraft:iron_pickaxe":431,"minecraft:spore_blossom":1,"minecraft:stone_axe":6,"minecraft:diamond_sword":28,"minecraft:cobblestone":61,"minecraft:furnace":3,"minecraft:cooked_porkchop":7,"minecraft:bucket":3,"minecraft:andesite":33,"tombstone:gift":5,"minecraft:cooked_beef":3,"minecraft:cobbled_deepslate":14},"minecraft:picked_up":{"minecraft:crafting_table":4,"minecraft:iron_chestplate":1,"minecraft:cooked_beef":1,"minecraft:andesite":35,"minecraft:leather":2,"minecraft:tuff":8,"minecraft:dirt":5,"minecraft:lapis_lazuli":21,"minecraft:string":10,"minecraft:bone":3,"minecraft:red_sand":1,"minecraft:cobbled_deepslate":208,"minecraft:spore_blossom":2,"minecraft:iron_ingot":2,"minecraft:beef":3,"minecraft:acacia_sapling":6,"minecraft:flowering_azalea":6,"minecraft:furnace":3,"minecraft:stick":22,"minecraft:raw_iron":71,"minecraft:torch":17,"minecraft:acacia_log":13,"minecraft:gravel":1,"minecraft:porkchop":7,"tombstone:grave_dust":3,"minecraft:diorite":20,"minecraft:redstone":1,"minecraft:spider_eye":1,"minecraft:arrow":3,"minecraft:rotten_flesh":6,"minecraft:diamond":51,"minecraft:granite":6,"minecraft:saddle":1,"minecraft:glow_berries":1,"minecraft:coal":60,"minecraft:cobblestone":178},"minecraft:custom":{"minecraft:interact_with_furnace":31,"minecraft:mob_kills":25,"minecraft:interact_with_crafting_table":23,"minecraft:leave_game":5,"minecraft:time_since_death":9194,"minecraft:time_since_rest":7400,"minecraft:sprint_one_cm":129426,"minecraft:damage_taken":2331,"minecraft:walk_one_cm":122220,"tombstone:sneak_grave":1,"minecraft:drop":18,"minecraft:damage_dealt":3904,"minecraft:swim_one_cm":20018,"minecraft:fly_one_cm":132990,"minecraft:open_chest":14,"minecraft:crouch_one_cm":5879,"minecraft:play_time":88738,"tombstone:undead_killed":17,"minecraft:deaths":6,"minecraft:sneak_time":4101,"minecraft:walk_under_water_one_cm":13673,"minecraft:jump":1033,"minecraft:walk_on_water_one_cm":11179,"minecraft:total_world_time":88738,"minecraft:fall_one_cm":25524},"minecraft:dropped":{"minecraft:stone_axe":1,"minecraft:cooked_beef":1,"minecraft:cobbled_deepslate":2,"minecraft:iron_helmet":1,"minecraft:rotten_flesh":6,"minecraft:iron_boots":1,"minecraft:leather":2,"minecraft:stick":3,"minecraft:iron_chestplate":1,"minecraft:iron_leggings":1,"minecraft:flowering_azalea":6,"minecraft:redstone":1},"minecraft:mined":{"minecraft:deepslate_redstone_ore":1,"minecraft:tuff":55,"minecraft:deepslate_diamond_ore":51,"minecraft:clay":1,"minecraft:crafting_table":4,"minecraft:torch":4,"minecraft:granite":6,"minecraft:budding_amethyst":1,"minecraft:red_sand":1,"minecraft:acacia_log":14,"minecraft:grass_block":2,"minecraft:dead_bush":23,"minecraft:cobblestone":10,"minecraft:diorite":20,"minecraft:wall_torch":13,"minecraft:amethyst_block":4,"minecraft:spawner":2,"minecraft:spore_blossom":2,"minecraft:magma_block":1,"minecraft:furnace":3,"minecraft:iron_ore":59,"minecraft:cobbled_deepslate":3,"minecraft:andesite":35,"minecraft:deepslate_lapis_ore":4,"minecraft:grass":6,"minecraft:coal_ore":60,"minecraft:deepslate_iron_ore":14,"minecraft:gravel":4,"minecraft:dirt":3,"minecraft:stone":168,"minecraft:deepslate":306},"minecraft:crafted":{"minecraft:cooked_beef":3,"minecraft:diamond_sword":1,"minecraft:cooked_porkchop":7,"minecraft:crafting_table":3,"minecraft:wooden_pickaxe":1,"minecraft:iron_helmet":1,"minecraft:furnace":1,"minecraft:stone_axe":1,"minecraft:air":0,"minecraft:diamond_helmet":1,"minecraft:iron_boots":1,"minecraft:diamond_leggings":1,"minecraft:iron_chestplate":1,"minecraft:diamond_pickaxe":1,"minecraft:iron_axe":1,"minecraft:stick":8,"minecraft:iron_ingot":71,"minecraft:iron_pickaxe":2,"minecraft:stone_pickaxe":1,"minecraft:wooden_axe":1,"minecraft:diamond_boots":1,"minecraft:iron_leggings":1,"minecraft:acacia_planks":52,"minecraft:torch":20,"minecraft:diamond_chestplate":1},"minecraft:killed_by":{"minecraft:player":2},"minecraft:broken":{"minecraft:iron_pickaxe":1}},"DataVersion":3465}