{"stats":{"minecraft:used":{"minecraft:leather_leggings":1,"minecraft:stone_sword":96,"minecraft:stone_pickaxe":2,"minecraft:bread":4,"minecraft:oak_planks":16,"minecraft:wooden_pickaxe":10,"minecraft:stone_axe":42,"minecraft:dark_oak_boat":1,"minecraft:tall_grass":1,"minecraft:crafting_table":3},"minecraft:killed":{"minecraft:sheep":25,"minecraft:pig":25,"minecraft:chicken":4,"minecraft:cod":7,"minecraft:cow":3},"minecraft:picked_up":{"minecraft:stick":5,"minecraft:crafting_table":3,"minecraft:feather":5,"minecraft:chicken":4,"minecraft:leather":4,"minecraft:porkchop":45,"minecraft:dark_oak_planks":9,"minecraft:stone_axe":1,"minecraft:wheat_seeds":8,"minecraft:hay_block":15,"minecraft:beef":6,"minecraft:bone_meal":1,"minecraft:gray_wool":3,"minecraft:light_gray_wool":1,"minecraft:coal":2,"minecraft:black_wool":1,"minecraft:mutton":32,"minecraft:cod":7,"minecraft:white_wool":20,"minecraft:cobblestone":10},"minecraft:custom":{"minecraft:time_since_rest":24214,"minecraft:sprint_one_cm":69521,"minecraft:damage_taken":40,"minecraft:walk_one_cm":38351,"minecraft:mob_kills":64,"minecraft:damage_dealt":5160,"minecraft:swim_one_cm":17775,"minecraft:interact_with_crafting_table":6,"minecraft:fly_one_cm":81557,"minecraft:open_chest":3,"minecraft:crouch_one_cm":1533,"minecraft:play_time":24214,"minecraft:bell_ring":1,"minecraft:sneak_time":433,"minecraft:walk_under_water_one_cm":9252,"minecraft:jump":369,"minecraft:leave_game":1,"minecraft:time_since_death":24214,"minecraft:walk_on_water_one_cm":4090,"minecraft:total_world_time":24214,"minecraft:fall_one_cm":9321,"minecraft:horse_one_cm":12295},"minecraft:mined":{"minecraft:dark_oak_planks":10,"minecraft:hay_block":15,"minecraft:wheat":1,"minecraft:crafting_table":3,"minecraft:grass":40,"minecraft:coal_ore":2,"minecraft:dead_bush":10,"minecraft:tall_grass":1,"minecraft:stone":10,"minecraft:fern":3},"minecraft:crafted":{"minecraft:oak_planks":28,"minecraft:dark_oak_boat":1,"minecraft:crafting_table":1,"minecraft:stick":8,"minecraft:wooden_pickaxe":1,"minecraft:stone_pickaxe":1,"minecraft:stone_sword":1,"minecraft:hay_block":8,"minecraft:stone_axe":1,"minecraft:bread":21,"minecraft:wheat":135}},"DataVersion":3465}