{"stats":{"minecraft:killed":{"minecraft:pig":26,"minecraft:cod":7,"minecraft:sheep":25,"minecraft:chicken":4,"minecraft:cow":3},"minecraft:used":{"minecraft:leather_leggings":1,"minecraft:stone_sword":96,"minecraft:stone_pickaxe":14,"minecraft:oak_planks":38,"minecraft:wooden_pickaxe":10,"minecraft:sandstone":14,"minecraft:stone_hoe":35,"minecraft:sand":4,"minecraft:crafting_table":4,"minecraft:chiseled_sandstone":1,"minecraft:bread":6,"minecraft:stone_axe":61,"minecraft:dark_oak_boat":1,"minecraft:tall_grass":1},"minecraft:picked_up":{"minecraft:crafting_table":3,"minecraft:wheat":1,"minecraft:feather":5,"minecraft:chicken":4,"minecraft:leather":4,"minecraft:cut_sandstone":1,"minecraft:gunpowder":5,"minecraft:string":1,"minecraft:orange_terracotta":1,"minecraft:bone":5,"minecraft:wheat_seeds":8,"minecraft:beef":6,"minecraft:light_gray_wool":1,"minecraft:chest":1,"minecraft:oak_planks":17,"minecraft:stick":5,"minecraft:sandstone":14,"minecraft:sand":4,"minecraft:porkchop":46,"minecraft:chiseled_sandstone":1,"minecraft:dark_oak_planks":9,"minecraft:cactus":1,"minecraft:blue_terracotta":1,"minecraft:rotten_flesh":2,"minecraft:stone_axe":1,"minecraft:hay_block":50,"minecraft:bone_meal":1,"minecraft:gray_wool":3,"minecraft:cobblestone":10,"minecraft:black_wool":1,"minecraft:coal":2,"minecraft:mutton":32,"minecraft:cod":7,"minecraft:white_wool":20},"minecraft:custom":{"minecraft:mob_kills":65,"minecraft:interact_with_crafting_table":7,"minecraft:bell_ring":1,"minecraft:leave_game":3,"minecraft:time_since_death":35805,"minecraft:time_since_rest":35805,"minecraft:sprint_one_cm":102533,"minecraft:damage_taken":128,"minecraft:walk_one_cm":60887,"minecraft:drop":1,"minecraft:damage_dealt":5260,"minecraft:swim_one_cm":17775,"minecraft:fly_one_cm":137534,"minecraft:open_chest":7,"minecraft:crouch_one_cm":3460,"minecraft:play_time":35805,"minecraft:sneak_time":1183,"minecraft:walk_under_water_one_cm":9252,"minecraft:jump":624,"minecraft:walk_on_water_one_cm":4147,"minecraft:total_world_time":35805,"minecraft:fall_one_cm":17370,"minecraft:horse_one_cm":21580},"minecraft:dropped":{"minecraft:wheat":1},"minecraft:mined":{"minecraft:dark_oak_planks":10,"minecraft:cut_sandstone":1,"minecraft:crafting_table":3,"minecraft:chest":1,"minecraft:dead_bush":10,"minecraft:tall_grass":1,"minecraft:oak_planks":17,"minecraft:sandstone":9,"minecraft:hay_block":50,"minecraft:blue_terracotta":1,"minecraft:wheat":1,"minecraft:chiseled_sandstone":1,"minecraft:grass":40,"minecraft:coal_ore":2,"minecraft:sand":4,"minecraft:stone":10,"minecraft:fern":3},"minecraft:crafted":{"minecraft:oak_planks":28,"minecraft:dark_oak_boat":1,"minecraft:crafting_table":1,"minecraft:wooden_pickaxe":1,"minecraft:hay_block":8,"minecraft:stone_axe":1,"minecraft:bread":21,"minecraft:stick":8,"minecraft:stone_pickaxe":1,"minecraft:stone_sword":1,"minecraft:stone_hoe":1,"minecraft:wheat":135}},"DataVersion":3465}