{"stats":{"minecraft:used":{"minecraft:leather_leggings":1,"minecraft:stone_sword":96,"minecraft:stone_pickaxe":2,"minecraft:bread":4,"minecraft:oak_planks":38,"minecraft:wooden_pickaxe":10,"minecraft:stone_hoe":35,"minecraft:stone_axe":60,"minecraft:sand":4,"minecraft:dark_oak_boat":1,"minecraft:tall_grass":1,"minecraft:crafting_table":4},"minecraft:killed":{"minecraft:sheep":25,"minecraft:pig":26,"minecraft:chicken":4,"minecraft:cod":7,"minecraft:cow":3},"minecraft:picked_up":{"minecraft:stick":5,"minecraft:crafting_table":3,"minecraft:wheat":1,"minecraft:feather":5,"minecraft:chicken":4,"minecraft:leather":4,"minecraft:sand":4,"minecraft:porkchop":46,"minecraft:dark_oak_planks":9,"minecraft:cactus":1,"minecraft:stone_axe":1,"minecraft:wheat_seeds":8,"minecraft:hay_block":50,"minecraft:beef":6,"minecraft:bone_meal":1,"minecraft:gray_wool":3,"minecraft:light_gray_wool":1,"minecraft:oak_planks":17,"minecraft:black_wool":1,"minecraft:cod":7,"minecraft:mutton":32,"minecraft:coal":2,"minecraft:white_wool":20,"minecraft:cobblestone":10},"minecraft:custom":{"minecraft:time_since_rest":29687,"minecraft:sprint_one_cm":86428,"minecraft:damage_taken":58,"minecraft:walk_one_cm":55501,"minecraft:mob_kills":65,"minecraft:drop":1,"minecraft:damage_dealt":5260,"minecraft:swim_one_cm":17775,"minecraft:interact_with_crafting_table":7,"minecraft:fly_one_cm":109188,"minecraft:open_chest":3,"minecraft:crouch_one_cm":1631,"minecraft:play_time":29687,"minecraft:bell_ring":1,"minecraft:sneak_time":439,"minecraft:walk_under_water_one_cm":9252,"minecraft:jump":484,"minecraft:leave_game":2,"minecraft:time_since_death":29687,"minecraft:walk_on_water_one_cm":4147,"minecraft:total_world_time":29687,"minecraft:fall_one_cm":12003,"minecraft:horse_one_cm":21580},"minecraft:dropped":{"minecraft:wheat":1},"minecraft:mined":{"minecraft:dark_oak_planks":10,"minecraft:hay_block":50,"minecraft:wheat":1,"minecraft:crafting_table":3,"minecraft:grass":40,"minecraft:coal_ore":2,"minecraft:dead_bush":10,"minecraft:sand":4,"minecraft:tall_grass":1,"minecraft:stone":10,"minecraft:oak_planks":17,"minecraft:fern":3},"minecraft:crafted":{"minecraft:oak_planks":28,"minecraft:dark_oak_boat":1,"minecraft:crafting_table":1,"minecraft:stick":8,"minecraft:wooden_pickaxe":1,"minecraft:stone_pickaxe":1,"minecraft:stone_sword":1,"minecraft:hay_block":8,"minecraft:stone_hoe":1,"minecraft:stone_axe":1,"minecraft:wheat":135,"minecraft:bread":21}},"DataVersion":3465}