{"stats":{"minecraft:killed":{"minecraft:skeleton":1,"minecraft:chicken":3,"minecraft:pig":7,"minecraft:iron_golem":1,"minecraft:sheep":7,"minecraft:zombie":3,"minecraft:villager":7,"minecraft:cow":1},"minecraft:used":{"minecraft:red_sand":2,"minecraft:stone_sword":74,"minecraft:flint_and_steel":55,"minecraft:spruce_slab":2,"minecraft:chest":2,"minecraft:stone_hoe":78,"minecraft:cooked_chicken":2,"minecraft:dirt":3,"minecraft:mutton":1,"minecraft:acacia_sapling":4,"minecraft:golden_shovel":14,"minecraft:wooden_axe":67,"minecraft:dark_oak_planks":10,"tombstone:gift":1,"minecraft:cooked_beef":1,"minecraft:acacia_planks":1,"minecraft:orange_terracotta":1,"minecraft:cooked_mutton":5,"minecraft:stone_pickaxe":95,"minecraft:wooden_pickaxe":3,"minecraft:sandstone":6,"minecraft:cut_sandstone":3,"minecraft:crafting_table":6,"minecraft:white_bed":5,"minecraft:chiseled_sandstone":1,"minecraft:bread":5,"minecraft:string":1,"minecraft:golden_helmet":1,"minecraft:stone_axe":48,"minecraft:cobblestone":2,"minecraft:cooked_porkchop":7,"minecraft:porkchop":5,"minecraft:oak_boat":7},"minecraft:picked_up":{"minecraft:cocoa_beans":6,"minecraft:crafting_table":4,"minecraft:wheat":1,"minecraft:chicken":1,"minecraft:string":28,"minecraft:red_bed":1,"minecraft:red_sand":2,"minecraft:oak_boat":8,"minecraft:jungle_sapling":9,"minecraft:poppy":2,"minecraft:spruce_slab":2,"minecraft:melon_slice":9,"minecraft:sugar_cane":29,"minecraft:raw_iron":4,"minecraft:stick":83,"minecraft:sandstone":7,"minecraft:acacia_log":17,"minecraft:porkchop":10,"tombstone:grave_dust":1,"minecraft:stone_pressure_plate":1,"minecraft:dark_oak_planks":1,"minecraft:tnt":9,"minecraft:cactus":12,"minecraft:hay_block":70,"minecraft:mutton":1,"minecraft:white_wool":7,"minecraft:cobblestone":22,"minecraft:cooked_beef":1,"minecraft:jungle_boat":2,"minecraft:feather":5,"minecraft:jungle_log":88,"minecraft:leather":2,"minecraft:cut_sandstone":3,"minecraft:oak_log":9,"minecraft:dirt":9,"minecraft:orange_terracotta":2,"minecraft:cooked_mutton":10,"minecraft:bone":1,"minecraft:kelp":21,"minecraft:wheat_seeds":11,"minecraft:iron_ingot":4,"minecraft:cooked_chicken":4,"minecraft:bamboo":84,"minecraft:acacia_sapling":4,"minecraft:cooked_porkchop":7,"minecraft:sand":18,"minecraft:white_bed":4,"minecraft:dark_oak_log":4,"minecraft:chiseled_sandstone":1,"minecraft:stone_axe":1,"minecraft:terracotta":6,"minecraft:oak_sapling":22,"minecraft:coal":21},"minecraft:custom":{"minecraft:mob_kills":32,"minecraft:interact_with_crafting_table":12,"minecraft:leave_game":4,"minecraft:time_since_death":84818,"minecraft:climb_one_cm":680,"minecraft:sprint_one_cm":320924,"minecraft:walk_one_cm":213939,"minecraft:drop":34,"minecraft:play_time":104089,"minecraft:deaths":1,"minecraft:sneak_time":1270,"minecraft:walk_under_water_one_cm":3945,"minecraft:jump":2802,"minecraft:walk_on_water_one_cm":9961,"minecraft:total_world_time":104089,"minecraft:sleep_in_bed":4,"minecraft:time_since_rest":28966,"minecraft:damage_taken":1230,"tombstone:sneak_grave":6,"minecraft:damage_dealt":5174,"minecraft:swim_one_cm":12580,"minecraft:fly_one_cm":672813,"minecraft:player_kills":3,"minecraft:open_chest":24,"minecraft:crouch_one_cm":3795,"tombstone:undead_killed":4,"tombstone:villager_killed":7,"minecraft:fall_one_cm":85543,"minecraft:horse_one_cm":7919},"minecraft:dropped":{"minecraft:wheat_seeds":11,"minecraft:leather":2,"minecraft:jungle_planks":1,"minecraft:stick":10,"minecraft:dirt":6,"tombstone:grave_dust":2,"minecraft:jungle_boat":2,"minecraft:dark_oak_planks":4,"minecraft:bone":1,"minecraft:stone_axe":2,"minecraft:wheat":1,"minecraft:chicken":1,"minecraft:oak_boat":1,"minecraft:oak_sapling":11,"minecraft:bamboo":20,"minecraft:sandstone":1,"minecraft:wooden_pickaxe":1,"minecraft:terracotta":6},"minecraft:mined":{"minecraft:dark_oak_planks":1,"minecraft:stone_pressure_plate":1,"minecraft:spruce_planks":1,"minecraft:white_bed":4,"minecraft:dark_oak_log":4,"minecraft:red_sand":2,"minecraft:acacia_log":16,"minecraft:grass_block":1,"minecraft:jungle_log":88,"minecraft:sandstone":14,"minecraft:spawner":1,"minecraft:hay_block":76,"minecraft:iron_ore":4,"minecraft:fire":35,"minecraft:chiseled_sandstone":1,"minecraft:bamboo":72,"minecraft:stone":21,"minecraft:spruce_slab":2,"minecraft:tripwire":1,"minecraft:cut_sandstone":4,"minecraft:red_bed":1,"minecraft:kelp_plant":3,"minecraft:orange_terracotta":5,"minecraft:crafting_table":4,"minecraft:melon":12,"minecraft:dead_bush":73,"minecraft:sugar_cane":18,"minecraft:oak_planks":1,"minecraft:seagrass":1,"minecraft:cactus":12,"minecraft:tnt":9,"minecraft:grass":49,"minecraft:oak_log":9,"minecraft:coal_ore":21,"minecraft:cocoa":2,"minecraft:sand":18,"minecraft:dirt":3,"minecraft:cobweb":27,"minecraft:terracotta":6,"minecraft:oak_leaves":1,"minecraft:fern":7},"minecraft:crafted":{"minecraft:oak_planks":8,"minecraft:stone_pickaxe":1,"minecraft:chest":2,"minecraft:dark_oak_planks":16,"minecraft:stone_hoe":1,"minecraft:crafting_table":2,"minecraft:jungle_boat":1,"minecraft:wooden_pickaxe":1,"minecraft:stone_axe":2,"minecraft:jungle_planks":32,"minecraft:oak_boat":1,"minecraft:wooden_axe":2,"minecraft:stone_sword":2,"minecraft:white_bed":1,"minecraft:acacia_planks":8},"minecraft:broken":{"minecraft:stone_sword":1,"minecraft:flint_and_steel":1,"minecraft:wooden_axe":2}},"DataVersion":3465}