{"stats":{"minecraft:killed":{"minecraft:pig":7,"minecraft:iron_golem":1,"minecraft:skeleton":1,"minecraft:sheep":7,"minecraft:zombie":3,"minecraft:chicken":3,"minecraft:villager":7,"minecraft:cow":1},"minecraft:used":{"minecraft:cooked_mutton":5,"minecraft:stone_sword":74,"minecraft:red_sand":2,"minecraft:flint_and_steel":55,"minecraft:stone_pickaxe":66,"minecraft:spruce_slab":2,"minecraft:chest":2,"minecraft:wooden_pickaxe":3,"minecraft:cooked_chicken":2,"minecraft:stone_hoe":78,"minecraft:dirt":3,"minecraft:mutton":1,"minecraft:crafting_table":6,"minecraft:white_bed":5,"minecraft:golden_shovel":14,"minecraft:acacia_sapling":4,"minecraft:dark_oak_planks":10,"minecraft:wooden_axe":67,"minecraft:string":1,"minecraft:bread":5,"minecraft:golden_helmet":1,"minecraft:stone_axe":48,"minecraft:cobblestone":2,"minecraft:porkchop":5,"minecraft:cooked_porkchop":7,"tombstone:gift":1,"minecraft:oak_boat":7,"minecraft:cooked_beef":1,"minecraft:acacia_planks":1},"minecraft:picked_up":{"minecraft:cocoa_beans":6,"minecraft:crafting_table":4,"minecraft:wheat":1,"minecraft:jungle_boat":2,"minecraft:feather":5,"minecraft:cooked_beef":1,"minecraft:chicken":1,"minecraft:jungle_log":88,"minecraft:leather":2,"minecraft:oak_log":9,"minecraft:dirt":9,"minecraft:string":28,"minecraft:red_bed":1,"minecraft:orange_terracotta":1,"minecraft:cooked_mutton":10,"minecraft:bone":1,"minecraft:kelp":21,"minecraft:wheat_seeds":11,"minecraft:red_sand":2,"minecraft:iron_ingot":4,"minecraft:cooked_chicken":4,"minecraft:oak_boat":8,"minecraft:jungle_sapling":9,"minecraft:poppy":2,"minecraft:spruce_slab":2,"minecraft:bamboo":84,"minecraft:melon_slice":9,"minecraft:sugar_cane":29,"minecraft:acacia_sapling":4,"minecraft:stick":83,"minecraft:raw_iron":4,"minecraft:cooked_porkchop":7,"minecraft:acacia_log":17,"minecraft:porkchop":10,"minecraft:sand":18,"tombstone:grave_dust":1,"minecraft:white_bed":4,"minecraft:dark_oak_log":4,"minecraft:dark_oak_planks":1,"minecraft:cactus":12,"minecraft:stone_axe":1,"minecraft:hay_block":70,"minecraft:terracotta":6,"minecraft:oak_sapling":22,"minecraft:mutton":1,"minecraft:coal":21,"minecraft:white_wool":7,"minecraft:cobblestone":22},"minecraft:custom":{"minecraft:mob_kills":32,"minecraft:interact_with_crafting_table":12,"minecraft:leave_game":2,"minecraft:time_since_death":79083,"minecraft:sleep_in_bed":4,"minecraft:climb_one_cm":680,"minecraft:time_since_rest":23231,"minecraft:sprint_one_cm":301988,"minecraft:damage_taken":1230,"minecraft:walk_one_cm":206235,"tombstone:sneak_grave":6,"minecraft:drop":33,"minecraft:damage_dealt":5174,"minecraft:swim_one_cm":12580,"minecraft:player_kills":3,"minecraft:fly_one_cm":622972,"minecraft:open_chest":21,"minecraft:play_time":98354,"minecraft:crouch_one_cm":3645,"minecraft:sneak_time":1217,"tombstone:undead_killed":4,"minecraft:deaths":1,"minecraft:walk_under_water_one_cm":3822,"tombstone:villager_killed":7,"minecraft:jump":2629,"minecraft:horse_one_cm":7919,"minecraft:walk_on_water_one_cm":7713,"minecraft:total_world_time":98354,"minecraft:fall_one_cm":80653},"minecraft:dropped":{"minecraft:stone_axe":2,"minecraft:wheat_seeds":11,"minecraft:wheat":1,"minecraft:chicken":1,"minecraft:leather":2,"minecraft:jungle_planks":1,"minecraft:stick":10,"minecraft:dirt":6,"minecraft:oak_boat":1,"minecraft:oak_sapling":11,"tombstone:grave_dust":2,"minecraft:bamboo":20,"minecraft:jungle_boat":2,"minecraft:wooden_pickaxe":1,"minecraft:dark_oak_planks":4,"minecraft:bone":1,"minecraft:terracotta":6},"minecraft:mined":{"minecraft:dark_oak_planks":1,"minecraft:spruce_planks":1,"minecraft:white_bed":4,"minecraft:red_bed":1,"minecraft:kelp_plant":3,"minecraft:orange_terracotta":3,"minecraft:dark_oak_log":4,"minecraft:crafting_table":4,"minecraft:acacia_log":16,"minecraft:red_sand":2,"minecraft:grass_block":1,"minecraft:melon":12,"minecraft:jungle_log":88,"minecraft:dead_bush":73,"minecraft:oak_planks":1,"minecraft:sugar_cane":18,"minecraft:sandstone":2,"minecraft:spawner":1,"minecraft:seagrass":1,"minecraft:hay_block":76,"minecraft:cactus":12,"minecraft:iron_ore":4,"minecraft:fire":35,"minecraft:grass":49,"minecraft:oak_log":9,"minecraft:coal_ore":21,"minecraft:cocoa":2,"minecraft:sand":18,"minecraft:dirt":3,"minecraft:cobweb":27,"minecraft:terracotta":6,"minecraft:bamboo":72,"minecraft:stone":21,"minecraft:tripwire":1,"minecraft:oak_leaves":1,"minecraft:spruce_slab":2,"minecraft:fern":7},"minecraft:crafted":{"minecraft:oak_planks":8,"minecraft:crafting_table":2,"minecraft:jungle_boat":1,"minecraft:wooden_pickaxe":1,"minecraft:stone_axe":2,"minecraft:jungle_planks":32,"minecraft:oak_boat":1,"minecraft:chest":2,"minecraft:stone_pickaxe":1,"minecraft:wooden_axe":2,"minecraft:stone_sword":2,"minecraft:white_bed":1,"minecraft:acacia_planks":8,"minecraft:dark_oak_planks":16,"minecraft:stone_hoe":1},"minecraft:broken":{"minecraft:stone_sword":1,"minecraft:wooden_axe":2,"minecraft:flint_and_steel":1}},"DataVersion":3465}