{"stats":{"minecraft:killed":{"minecraft:spider":1,"minecraft:vindicator":5,"minecraft:creeper":1,"minecraft:skeleton":2,"minecraft:zombie":2},"minecraft:used":{"minecraft:stone_pickaxe":133,"minecraft:spruce_planks":4,"minecraft:wooden_pickaxe":4,"minecraft:jungle_boat":5,"minecraft:torch":1,"minecraft:dirt":3,"minecraft:crafting_table":6,"minecraft:mushroom_stew":5,"minecraft:dark_oak_planks":2,"minecraft:jungle_sapling":2,"minecraft:wooden_axe":18,"minecraft:melon_slice":9,"minecraft:stone_axe":118},"minecraft:picked_up":{"minecraft:crafting_table":6,"minecraft:jungle_boat":5,"minecraft:jungle_log":20,"minecraft:brown_mushroom":5,"minecraft:wooden_pickaxe":1,"minecraft:red_mushroom":5,"minecraft:gunpowder":2,"minecraft:dirt":3,"minecraft:bone":2,"minecraft:apple":1,"minecraft:wheat_seeds":5,"minecraft:spruce_planks":4,"tombstone:bag_of_seeds":1,"minecraft:jungle_sapling":4,"minecraft:bamboo":10,"minecraft:chest":4,"minecraft:melon_slice":67,"minecraft:sugar_cane":14,"minecraft:book":36,"minecraft:stick":7,"minecraft:raw_iron":11,"minecraft:sandstone":1,"minecraft:pumpkin":8,"minecraft:torch":1,"minecraft:bowl":6,"minecraft:jungle_planks":1,"minecraft:sand":3,"minecraft:spider_eye":2,"minecraft:orange_wool":6,"minecraft:dark_oak_planks":4,"minecraft:pumpkin_seeds":5,"minecraft:rotten_flesh":6,"minecraft:emerald":2,"minecraft:oak_sapling":1,"minecraft:coal":78,"minecraft:white_wool":3,"minecraft:cobblestone":42},"minecraft:custom":{"minecraft:mob_kills":11,"tombstone:raider_killed":5,"minecraft:interact_with_crafting_table":10,"minecraft:leave_game":2,"minecraft:time_since_death":32,"minecraft:climb_one_cm":5896,"minecraft:time_since_rest":1,"minecraft:sprint_one_cm":138837,"minecraft:damage_taken":1518,"minecraft:walk_one_cm":78662,"minecraft:drop":16,"minecraft:damage_dealt":2566,"minecraft:swim_one_cm":93099,"minecraft:fly_one_cm":203704,"minecraft:open_chest":12,"minecraft:crouch_one_cm":6387,"tombstone:undead_killed":4,"minecraft:play_time":67805,"minecraft:deaths":5,"minecraft:sneak_time":2289,"minecraft:walk_under_water_one_cm":4525,"minecraft:jump":1001,"minecraft:walk_on_water_one_cm":8884,"minecraft:total_world_time":67805,"minecraft:fall_one_cm":29405},"minecraft:dropped":{"minecraft:wheat_seeds":5,"minecraft:bowl":6,"minecraft:rotten_flesh":6,"minecraft:wooden_axe":1,"minecraft:spider_eye":2,"minecraft:sandstone":1,"minecraft:sand":3,"minecraft:wooden_pickaxe":2},"minecraft:mined":{"minecraft:dark_oak_planks":4,"minecraft:oak_slab":1,"minecraft:spruce_planks":4,"minecraft:glass_pane":6,"minecraft:orange_wool":6,"minecraft:crafting_table":6,"minecraft:grass_block":3,"minecraft:melon":14,"minecraft:jungle_planks":1,"minecraft:chest":4,"minecraft:jungle_log":20,"minecraft:brown_mushroom_block":32,"minecraft:sugar_cane":7,"minecraft:sandstone":1,"minecraft:wall_torch":1,"minecraft:jungle_sapling":1,"minecraft:iron_ore":11,"minecraft:pumpkin_stem":1,"minecraft:pumpkin":8,"minecraft:grass":7,"minecraft:bookshelf":12,"minecraft:coal_ore":82,"minecraft:vine":1,"minecraft:sand":3,"minecraft:bamboo":22,"minecraft:red_mushroom_block":6,"minecraft:stone":42,"minecraft:white_wool":3,"minecraft:oak_leaves":21,"minecraft:attached_pumpkin_stem":1},"minecraft:crafted":{"minecraft:crafting_table":1,"minecraft:jungle_boat":1,"minecraft:wooden_pickaxe":1,"minecraft:bowl":8,"minecraft:furnace":1,"minecraft:mushroom_stew":5,"minecraft:stone_axe":2,"minecraft:jungle_planks":24,"minecraft:stick":8,"minecraft:stone_pickaxe":2,"minecraft:wooden_axe":1,"minecraft:torch":4},"minecraft:killed_by":{"minecraft:vindicator":3,"minecraft:player":1,"minecraft:vex":1},"minecraft:broken":{"minecraft:stone_pickaxe":1,"minecraft:stone_axe":1}},"DataVersion":3465}